Nomes;Status
April Lewis;Ativo
Tammy Jenkins;Ativo
Matthew Butler;Cancelado
Austin Smith;Cancelado
Greg Hughes;Cancelado
Melinda Huff;Cancelado
April Simmons;Ativo
Mrs. Carrie Dorsey;Ativo
Carlos Ramirez;Cancelado
Rachel Maxwell;Cancelado
Madison Daniels;Ativo
Erica Brown;Cancelado
Karen Walker;Ativo
Russell Davis;Ativo
Michael Hartman;Cancelado
Dylan Tapia;Ativo
Raymond Casey;Ativo
Casey Preston;Cancelado
Theresa Smith;Cancelado
Michael Thomas;Ativo
Paul Vega;Ativo
David James;Ativo
Nicole Bell;Cancelado
Laura Chandler;Cancelado
Ryan Johnston;Ativo
Robert Vega;Ativo
Sarah Perez;Cancelado
David Mcintyre;Cancelado
Mr. Kevin Ramirez;Cancelado
James Hunt;Cancelado
Sherri Hernandez;Cancelado
Wendy Cannon;Cancelado
Sara Bradshaw;Ativo
John Perkins;Ativo
Dean Jones;Ativo
Marie James;Ativo
David Scott;Cancelado
Jocelyn Watson;Ativo
Erica Rodriguez;Cancelado
Andrew Taylor;Cancelado
Katherine Morgan;Ativo
Brandon Gutierrez;Cancelado
Jeffrey Thompson;Ativo
Timothy Wallace;Cancelado
Leslie Hanson;Ativo
Barbara Silva;Ativo
Valerie Roberts;Cancelado
Holly May;Cancelado
Wesley Robinson;Ativo
Michael Brown;Ativo
Collin Bailey;Cancelado
Joshua Ho;Cancelado
Alexandra Nunez;Ativo
Kirsten Stephens;Ativo
Mary Wood;Ativo
Jason Reyes MD;Ativo
Maria Baker;Cancelado
Yolanda Salas;Ativo
Dennis Barker;Cancelado
Michael Hickman;Ativo
Andrew Robertson;Ativo
Gene Le;Cancelado
Christopher Harris;Cancelado
John Henderson;Cancelado
Matthew Bailey;Cancelado
John Hendricks;Ativo
Mary Montgomery;Cancelado
Stephanie Jones;Cancelado
Julie Bradley;Ativo
Connor Smith;Cancelado
Jacqueline Fernandez;Cancelado
Johnny Fields;Ativo
Eric Hernandez;Cancelado
Brandon Campbell;Ativo
Thomas Hicks;Ativo
Carlos Ford;Ativo
Mary Lam;Ativo
Kyle Jones;Cancelado
Kristina Castro;Cancelado
James Young;Cancelado
Samuel Smith;Ativo
William Robinson;Cancelado
Jeffrey Dawson;Ativo
Veronica Olsen;Cancelado
Melvin Wilson;Ativo
Marie Johnson;Ativo
Timothy Morales;Ativo
Veronica Brown;Ativo
Alyssa Smith;Ativo
Tiffany Hughes;Ativo
Emily Ramirez;Cancelado
